{"cameraMode":{"drawMode":0,"name":"Shaded","section":"Shading Mode"},"sceneLighting":false,"audioPlay":false,"sceneViewState":{"m_AlwaysRefresh":false,"showFog":true,"showSkybox":false,"showFlares":true,"showImageEffects":true,"showParticleSystems":true,"showVisualEffectGraphs":true,"m_FxEnabled":true},"in2DMode":false,"pivot":{"x":3.55649995803833,"y":0.040000006556510928,"z":-0.07000000774860382},"rotation":{"x":0.09252934902906418,"y":-0.7253694534301758,"z":0.09939561784267426,"w":0.6749393343925476},"size":0.43184974789619448,"orthographic":false}